country_region_code,country_region,sub_region_1,sub_region_2,metro_area,iso_3166_2_code,census_fips_code,date,retail_and_recreation_percent_change_from_baseline,grocery_and_pharmacy_percent_change_from_baseline,parks_percent_change_from_baseline,transit_stations_percent_change_from_baseline,workplaces_percent_change_from_baseline,residential_percent_change_from_baseline
TT,Trinidad and Tobago,,,,,,2020-02-15,4,4,23,3,2,0
TT,Trinidad and Tobago,,,,,,2020-02-16,19,9,16,10,3,-1
TT,Trinidad and Tobago,,,,,,2020-02-17,11,8,11,13,0,0
TT,Trinidad and Tobago,,,,,,2020-02-18,9,5,40,16,0,-1
TT,Trinidad and Tobago,,,,,,2020-02-19,9,8,28,29,0,-1
TT,Trinidad and Tobago,,,,,,2020-02-20,11,8,37,16,-2,-1
TT,Trinidad and Tobago,,,,,,2020-02-21,12,15,34,19,-5,1
TT,Trinidad and Tobago,,,,,,2020-02-22,7,12,70,29,-3,0
TT,Trinidad and Tobago,,,,,,2020-02-23,37,27,49,17,10,-4
TT,Trinidad and Tobago,,,,,,2020-02-24,-10,-15,153,-8,-73,12
TT,Trinidad and Tobago,,,,,,2020-02-25,-21,-27,122,9,-75,15
TT,Trinidad and Tobago,,,,,,2020-02-26,0,10,15,20,-16,5
TT,Trinidad and Tobago,,,,,,2020-02-27,3,10,10,15,-6,3
TT,Trinidad and Tobago,,,,,,2020-02-28,8,12,9,16,-4,2
TT,Trinidad and Tobago,,,,,,2020-02-29,9,14,10,14,1,1
TT,Trinidad and Tobago,,,,,,2020-03-01,15,15,15,15,3,0
TT,Trinidad and Tobago,,,,,,2020-03-02,11,17,4,15,1,0
TT,Trinidad and Tobago,,,,,,2020-03-03,7,15,3,9,1,0
TT,Trinidad and Tobago,,,,,,2020-03-04,4,12,1,9,1,1
TT,Trinidad and Tobago,,,,,,2020-03-05,-1,4,2,5,0,1
TT,Trinidad and Tobago,,,,,,2020-03-06,3,6,5,5,2,1
TT,Trinidad and Tobago,,,,,,2020-03-07,2,6,4,-1,3,1
TT,Trinidad and Tobago,,,,,,2020-03-08,8,7,14,-7,4,0
TT,Trinidad and Tobago,,,,,,2020-03-09,1,5,-1,-2,0,1
TT,Trinidad and Tobago,,,,,,2020-03-10,1,5,1,1,0,1
TT,Trinidad and Tobago,,,,,,2020-03-11,0,5,0,-1,-1,1
TT,Trinidad and Tobago,,,,,,2020-03-12,-1,24,1,-3,-1,1
TT,Trinidad and Tobago,,,,,,2020-03-13,-2,26,-5,-10,-1,2
TT,Trinidad and Tobago,,,,,,2020-03-14,-15,12,-15,-22,-3,6
TT,Trinidad and Tobago,,,,,,2020-03-15,-17,-1,-23,-28,-5,5
TT,Trinidad and Tobago,,,,,,2020-03-16,-14,22,-18,-23,-21,10
TT,Trinidad and Tobago,,,,,,2020-03-17,-25,6,-20,-26,-26,12
TT,Trinidad and Tobago,,,,,,2020-03-18,-27,8,-20,-35,-29,14
TT,Trinidad and Tobago,,,,,,2020-03-19,-33,-4,-24,-41,-31,15
TT,Trinidad and Tobago,,,,,,2020-03-20,-34,0,-27,-42,-28,17
TT,Trinidad and Tobago,,,,,,2020-03-21,-41,-7,-40,-49,-21,14
TT,Trinidad and Tobago,,,,,,2020-03-22,-44,-18,-42,-49,-22,10
TT,Trinidad and Tobago,,,,,,2020-03-23,-32,-9,-29,-48,-33,16
TT,Trinidad and Tobago,,,,,,2020-03-24,-34,-9,-30,-51,-35,17
TT,Trinidad and Tobago,,,,,,2020-03-25,-36,-8,-34,-53,-37,18
TT,Trinidad and Tobago,,,,,,2020-03-26,-32,7,-32,-56,-38,18
TT,Trinidad and Tobago,,,,,,2020-03-27,-25,20,-27,-54,-34,17
TT,Trinidad and Tobago,,,,,,2020-03-28,-29,10,-37,-58,-21,13
TT,Trinidad and Tobago,,,,,,2020-03-29,-29,10,-40,-70,-17,9
TT,Trinidad and Tobago,,,,,,2020-03-30,-86,-72,-77,-86,-85,36
TT,Trinidad and Tobago,,,,,,2020-03-31,-65,-33,-63,-72,-64,29
TT,Trinidad and Tobago,,,,,,2020-04-01,-63,-31,-60,-72,-65,29
TT,Trinidad and Tobago,,,,,,2020-04-02,-62,-32,-58,-74,-65,29
TT,Trinidad and Tobago,,,,,,2020-04-03,-62,-29,-57,-75,-63,31
TT,Trinidad and Tobago,,,,,,2020-04-04,-66,-37,-64,-78,-51,22
TT,Trinidad and Tobago,,,,,,2020-04-05,-65,-41,-67,-82,-41,15
TT,Trinidad and Tobago,,,,,,2020-04-06,-51,-21,-54,-72,-64,26
TT,Trinidad and Tobago,,,,,,2020-04-07,-67,-29,-58,-74,-66,29
TT,Trinidad and Tobago,,,,,,2020-04-08,-66,-28,-58,-73,-66,28
TT,Trinidad and Tobago,,,,,,2020-04-09,-61,-17,-53,-73,-65,27
TT,Trinidad and Tobago,,,,,,2020-04-10,-84,-60,-68,-87,-82,38
TT,Trinidad and Tobago,,,,,,2020-04-11,-70,-32,-63,-77,-53,22
TT,Trinidad and Tobago,,,,,,2020-04-12,-71,-43,-67,-83,-42,15
TT,Trinidad and Tobago,,,,,,2020-04-13,-82,-66,-64,-87,-84,34
TT,Trinidad and Tobago,,,,,,2020-04-14,-62,-24,-55,-72,-63,27
TT,Trinidad and Tobago,,,,,,2020-04-15,-63,-25,-55,-73,-64,28
TT,Trinidad and Tobago,,,,,,2020-04-16,-63,-25,-54,-74,-63,28
TT,Trinidad and Tobago,,,,,,2020-04-17,-65,-24,-54,-76,-61,30
TT,Trinidad and Tobago,,,,,,2020-04-18,-70,-33,-61,-80,-48,21
TT,Trinidad and Tobago,,,,,,2020-04-19,-71,-44,-66,-85,-38,15
TT,Trinidad and Tobago,,,,,,2020-04-20,-64,-32,-54,-75,-62,26
TT,Trinidad and Tobago,,,,,,2020-04-21,-68,-31,-56,-76,-62,27
TT,Trinidad and Tobago,,,,,,2020-04-22,-68,-32,-57,-75,-62,28
TT,Trinidad and Tobago,,,,,,2020-04-23,-65,-30,-54,-76,-61,28
TT,Trinidad and Tobago,,,,,,2020-04-24,-68,-25,-53,-77,-59,29
TT,Trinidad and Tobago,,,,,,2020-04-25,-66,-30,-57,-78,-44,20
TT,Trinidad and Tobago,,,,,,2020-04-26,-66,-37,-60,-83,-33,14
TT,Trinidad and Tobago,,,,,,2020-04-27,-60,-26,-51,-73,-59,25
TT,Trinidad and Tobago,,,,,,2020-04-28,-60,-23,-49,-73,-59,22
TT,Trinidad and Tobago,,,,,,2020-04-29,-60,-22,-51,-72,-59,26
TT,Trinidad and Tobago,,,,,,2020-04-30,-59,-21,-47,-73,-58,26
TT,Trinidad and Tobago,,,,,,2020-05-01,-61,-18,-48,-73,-56,27
TT,Trinidad and Tobago,,,,,,2020-05-02,-62,-22,-51,-75,-41,18
TT,Trinidad and Tobago,,,,,,2020-05-03,-63,-32,-56,-82,-29,12
TT,Trinidad and Tobago,,,,,,2020-05-04,-55,-21,-46,-71,-56,23
TT,Trinidad and Tobago,,,,,,2020-05-05,-57,-20,-47,-70,-56,24
TT,Trinidad and Tobago,,,,,,2020-05-06,-56,-17,-44,-70,-55,25
TT,Trinidad and Tobago,,,,,,2020-05-07,-57,-18,-43,-70,-56,25
TT,Trinidad and Tobago,,,,,,2020-05-08,-57,-12,-43,-71,-52,26
TT,Trinidad and Tobago,,,,,,2020-05-09,-55,-10,-45,-67,-34,17
TT,Trinidad and Tobago,,,,,,2020-05-10,-54,-15,-44,-76,-9,9
TT,Trinidad and Tobago,,,,,,2020-05-11,-46,-25,-37,-67,-51,22
TT,Trinidad and Tobago,,,,,,2020-05-12,-45,-21,-36,-67,-50,23
TT,Trinidad and Tobago,,,,,,2020-05-13,-47,-22,-33,-68,-50,23
TT,Trinidad and Tobago,,,,,,2020-05-14,-48,-22,-34,-69,-50,21
TT,Trinidad and Tobago,,,,,,2020-05-15,-46,-15,-33,-68,-46,24
TT,Trinidad and Tobago,,,,,,2020-05-16,-49,-20,-40,-68,-30,16
TT,Trinidad and Tobago,,,,,,2020-05-17,-50,-22,-43,-74,-16,11
TT,Trinidad and Tobago,,,,,,2020-05-18,-40,-17,-28,-66,-47,20
TT,Trinidad and Tobago,,,,,,2020-05-19,-42,-16,-31,-66,-47,21
TT,Trinidad and Tobago,,,,,,2020-05-20,-43,-16,-32,-61,-46,22
TT,Trinidad and Tobago,,,,,,2020-05-21,-43,-16,-31,-65,-46,22
TT,Trinidad and Tobago,,,,,,2020-05-22,-41,-9,-28,-64,-42,21
TT,Trinidad and Tobago,,,,,,2020-05-23,-41,-10,-31,-64,-22,14
TT,Trinidad and Tobago,,,,,,2020-05-24,-45,-16,-34,-72,-11,9
TT,Trinidad and Tobago,,,,,,2020-05-25,-62,-41,-23,-82,-75,27
TT,Trinidad and Tobago,,,,,,2020-05-26,-36,-10,-26,-61,-41,18
TT,Trinidad and Tobago,,,,,,2020-05-27,-35,-9,-25,-61,-41,19
TT,Trinidad and Tobago,,,,,,2020-05-28,-35,-7,-25,-60,-41,19
TT,Trinidad and Tobago,,,,,,2020-05-29,-33,-1,-21,-60,-39,20
TT,Trinidad and Tobago,,,,,,2020-05-30,-48,-18,-29,-65,-29,15
TT,Trinidad and Tobago,,,,,,2020-05-31,-41,-14,-40,-70,-9,10
TT,Trinidad and Tobago,,,,,,2020-06-01,-20,2,-16,-51,-33,15
TT,Trinidad and Tobago,,,,,,2020-06-02,-22,-2,-20,-52,-34,16
TT,Trinidad and Tobago,,,,,,2020-06-03,-24,-3,-19,-49,-34,16
TT,Trinidad and Tobago,,,,,,2020-06-04,-28,-7,-20,-51,-35,16
TT,Trinidad and Tobago,,,,,,2020-06-05,-35,-11,-34,-55,-34,20
TT,Trinidad and Tobago,,,,,,2020-06-06,-28,-5,-28,-51,-10,12
TT,Trinidad and Tobago,,,,,,2020-06-07,-36,-10,-32,-64,-3,9
TT,Trinidad and Tobago,,,,,,2020-06-08,-21,-7,-16,-46,-30,13
TT,Trinidad and Tobago,,,,,,2020-06-09,-25,-8,-21,-48,-31,14
TT,Trinidad and Tobago,,,,,,2020-06-10,-22,-4,-21,-47,-31,14
TT,Trinidad and Tobago,,,,,,2020-06-11,-55,-33,-21,-77,-70,27
TT,Trinidad and Tobago,,,,,,2020-06-12,-25,-2,-14,-47,-28,15
TT,Trinidad and Tobago,,,,,,2020-06-13,-25,-4,-20,-47,-5,10
TT,Trinidad and Tobago,,,,,,2020-06-14,-34,-11,-27,-62,1,8
TT,Trinidad and Tobago,,,,,,2020-06-15,-21,-7,-16,-43,-29,13
TT,Trinidad and Tobago,,,,,,2020-06-16,-19,0,-15,-40,-29,14
TT,Trinidad and Tobago,,,,,,2020-06-17,-28,-9,-35,-46,-32,16
TT,Trinidad and Tobago,,,,,,2020-06-18,-17,3,-19,-43,-30,12
TT,Trinidad and Tobago,,,,,,2020-06-19,-51,-24,-17,-73,-66,25
TT,Trinidad and Tobago,,,,,,2020-06-20,-18,10,-19,-41,-4,9
TT,Trinidad and Tobago,,,,,,2020-06-21,-32,-3,-28,-57,13,5
TT,Trinidad and Tobago,,,,,,2020-06-22,-17,-6,-8,-39,-29,12
TT,Trinidad and Tobago,,,,,,2020-06-23,-18,-3,-8,-35,-28,12
TT,Trinidad and Tobago,,,,,,2020-06-24,-17,-2,-11,-39,-26,12
TT,Trinidad and Tobago,,,,,,2020-06-25,-17,-3,-10,-36,-27,12
TT,Trinidad and Tobago,,,,,,2020-06-26,-13,4,-5,-35,-24,12
TT,Trinidad and Tobago,,,,,,2020-06-27,-16,0,-21,-31,-8,9
TT,Trinidad and Tobago,,,,,,2020-06-28,-10,3,2,-49,4,4
TT,Trinidad and Tobago,,,,,,2020-06-29,-7,8,-4,-34,-25,10
TT,Trinidad and Tobago,,,,,,2020-06-30,-14,4,-14,-28,-27,12
TT,Trinidad and Tobago,,,,,,2020-07-01,-11,8,-12,-42,-27,12
TT,Trinidad and Tobago,,,,,,2020-07-02,-14,4,-11,-38,-26,11
TT,Trinidad and Tobago,,,,,,2020-07-03,-10,8,-2,-37,-23,11
TT,Trinidad and Tobago,,,,,,2020-07-04,-10,8,0,-34,-3,6
TT,Trinidad and Tobago,,,,,,2020-07-05,-16,-3,-6,-51,0,5
TT,Trinidad and Tobago,,,,,,2020-07-06,-9,4,-8,-32,-26,11
TT,Trinidad and Tobago,,,,,,2020-07-07,-10,5,-8,-32,-26,11
TT,Trinidad and Tobago,,,,,,2020-07-08,-11,2,-5,-35,-25,10
TT,Trinidad and Tobago,,,,,,2020-07-09,-14,-2,-4,-35,-25,11
TT,Trinidad and Tobago,,,,,,2020-07-10,-13,1,-5,-33,-22,11
TT,Trinidad and Tobago,,,,,,2020-07-11,-12,3,-3,-36,-4,7
TT,Trinidad and Tobago,,,,,,2020-07-12,-9,0,12,-50,2,4
TT,Trinidad and Tobago,,,,,,2020-07-13,-10,2,0,-34,-25,10
TT,Trinidad and Tobago,,,,,,2020-07-14,-11,1,-5,-32,-25,10
TT,Trinidad and Tobago,,,,,,2020-07-15,-10,4,-4,-31,-23,10
TT,Trinidad and Tobago,,,,,,2020-07-16,-12,3,-2,-31,-25,10
TT,Trinidad and Tobago,,,,,,2020-07-17,-9,8,-1,-29,-21,10
TT,Trinidad and Tobago,,,,,,2020-07-18,-10,6,2,-29,-3,6
TT,Trinidad and Tobago,,,,,,2020-07-19,-8,2,13,-46,1,4
TT,Trinidad and Tobago,,,,,,2020-07-20,-11,2,-7,-26,-25,9
TT,Trinidad and Tobago,,,,,,2020-07-21,-10,3,-5,-31,-25,10
TT,Trinidad and Tobago,,,,,,2020-07-22,-12,4,-8,-29,-23,10
TT,Trinidad and Tobago,,,,,,2020-07-23,-16,1,-12,-31,-24,11
TT,Trinidad and Tobago,,,,,,2020-07-24,-10,11,-6,-31,-20,10
TT,Trinidad and Tobago,,,,,,2020-07-25,-31,-5,-35,-53,-17,13
TT,Trinidad and Tobago,,,,,,2020-07-26,-9,0,-5,-43,1,5
TT,Trinidad and Tobago,,,,,,2020-07-27,-9,5,-12,-29,-25,10
TT,Trinidad and Tobago,,,,,,2020-07-28,-13,5,-17,-34,-25,11
TT,Trinidad and Tobago,,,,,,2020-07-29,-9,8,-15,-29,-25,10
TT,Trinidad and Tobago,,,,,,2020-07-30,-6,13,-7,-32,-25,10
TT,Trinidad and Tobago,,,,,,2020-07-31,-3,22,0,-26,-24,9
TT,Trinidad and Tobago,,,,,,2020-08-01,-20,3,3,-37,-21,8
TT,Trinidad and Tobago,,,,,,2020-08-02,-6,11,0,-43,-1,4
TT,Trinidad and Tobago,,,,,,2020-08-03,2,20,-1,-27,-26,9
TT,Trinidad and Tobago,,,,,,2020-08-04,-6,14,-5,-30,-28,11
TT,Trinidad and Tobago,,,,,,2020-08-05,-9,10,-9,-30,-28,11
TT,Trinidad and Tobago,,,,,,2020-08-06,-13,4,-8,-33,-29,12
TT,Trinidad and Tobago,,,,,,2020-08-07,-15,3,-12,-33,-26,12
TT,Trinidad and Tobago,,,,,,2020-08-08,-19,-2,-22,-34,-12,10
TT,Trinidad and Tobago,,,,,,2020-08-09,-14,2,-14,-46,-1,6
TT,Trinidad and Tobago,,,,,,2020-08-10,-5,10,-2,-38,-34,9
TT,Trinidad and Tobago,,,,,,2020-08-11,-16,-1,-12,-37,-31,13
TT,Trinidad and Tobago,,,,,,2020-08-12,-16,0,-15,-37,-30,13
TT,Trinidad and Tobago,,,,,,2020-08-13,-16,-1,-7,-37,-30,12
TT,Trinidad and Tobago,,,,,,2020-08-14,-16,4,-10,-37,-28,13
TT,Trinidad and Tobago,,,,,,2020-08-15,-17,3,-10,-33,-8,8
TT,Trinidad and Tobago,,,,,,2020-08-16,-13,2,4,-44,-4,5
TT,Trinidad and Tobago,,,,,,2020-08-17,-24,-3,-27,-41,-35,15
TT,Trinidad and Tobago,,,,,,2020-08-18,-29,-6,-31,-44,-36,17
TT,Trinidad and Tobago,,,,,,2020-08-19,-25,-2,-28,-44,-34,15
TT,Trinidad and Tobago,,,,,,2020-08-20,-30,-11,-31,-50,-36,16
TT,Trinidad and Tobago,,,,,,2020-08-21,-31,-7,-31,-51,-33,17
TT,Trinidad and Tobago,,,,,,2020-08-22,-31,-6,-34,-50,-14,12
TT,Trinidad and Tobago,,,,,,2020-08-23,-37,-14,-42,-65,-18,10
TT,Trinidad and Tobago,,,,,,2020-08-24,-23,-3,-23,-48,-35,14
TT,Trinidad and Tobago,,,,,,2020-08-25,-22,-1,-22,-48,-35,14
TT,Trinidad and Tobago,,,,,,2020-08-26,-22,2,-24,-46,-35,14
TT,Trinidad and Tobago,,,,,,2020-08-27,-21,3,-25,-46,-36,14
TT,Trinidad and Tobago,,,,,,2020-08-28,-17,12,-19,-42,-32,14
TT,Trinidad and Tobago,,,,,,2020-08-29,-21,9,-30,-43,-13,9
TT,Trinidad and Tobago,,,,,,2020-08-30,-23,6,-37,-60,-14,7
TT,Trinidad and Tobago,,,,,,2020-08-31,-50,-28,-37,-77,-76,25
TT,Trinidad and Tobago,,,,,,2020-09-01,-18,7,-25,-42,-35,13
TT,Trinidad and Tobago,,,,,,2020-09-02,-20,1,-28,-45,-36,14
TT,Trinidad and Tobago,,,,,,2020-09-03,-29,-9,-33,-49,-37,15
TT,Trinidad and Tobago,,,,,,2020-09-04,-21,2,-26,-45,-32,15
TT,Trinidad and Tobago,,,,,,2020-09-05,-25,0,-35,-46,-14,10
TT,Trinidad and Tobago,,,,,,2020-09-06,-30,-6,-40,-61,-14,8
TT,Trinidad and Tobago,,,,,,2020-09-07,-19,-1,-23,-44,-36,13
TT,Trinidad and Tobago,,,,,,2020-09-08,-24,-5,-27,-45,-37,14
TT,Trinidad and Tobago,,,,,,2020-09-09,-25,-8,-26,-43,-35,13
TT,Trinidad and Tobago,,,,,,2020-09-10,-27,-11,-25,-46,-37,14
TT,Trinidad and Tobago,,,,,,2020-09-11,-23,-1,-23,-45,-32,14
TT,Trinidad and Tobago,,,,,,2020-09-12,-25,-1,-30,-44,-14,9
TT,Trinidad and Tobago,,,,,,2020-09-13,-29,-6,-38,-62,-15,6
TT,Trinidad and Tobago,,,,,,2020-09-14,-24,-7,-22,-47,-34,13
TT,Trinidad and Tobago,,,,,,2020-09-15,-22,-4,-22,-44,-34,14
TT,Trinidad and Tobago,,,,,,2020-09-16,-25,-6,-25,-44,-35,14
TT,Trinidad and Tobago,,,,,,2020-09-17,-29,-11,-26,-46,-36,14
TT,Trinidad and Tobago,,,,,,2020-09-18,-26,-4,-26,-45,-31,15
TT,Trinidad and Tobago,,,,,,2020-09-19,-33,-9,-39,-48,-17,12
TT,Trinidad and Tobago,,,,,,2020-09-20,-27,-4,-37,-59,-14,7
TT,Trinidad and Tobago,,,,,,2020-09-21,-25,-5,-22,-45,-34,13
TT,Trinidad and Tobago,,,,,,2020-09-22,-27,-6,-26,-41,-34,13
TT,Trinidad and Tobago,,,,,,2020-09-23,-23,3,-24,-41,-32,11
TT,Trinidad and Tobago,,,,,,2020-09-24,-50,-26,-29,-74,-74,24
TT,Trinidad and Tobago,,,,,,2020-09-25,-25,4,-26,-43,-30,13
TT,Trinidad and Tobago,,,,,,2020-09-26,-25,6,-32,-39,-10,8
TT,Trinidad and Tobago,,,,,,2020-09-27,-35,-3,-46,-58,-16,8
TT,Trinidad and Tobago,,,,,,2020-09-28,-24,1,-26,-41,-32,13
TT,Trinidad and Tobago,,,,,,2020-09-29,-22,4,-24,-38,-32,12
TT,Trinidad and Tobago,,,,,,2020-09-30,-27,0,-32,-39,-34,12
TT,Trinidad and Tobago,,,,,,2020-10-01,-24,3,-27,-36,-33,10
TT,Trinidad and Tobago,,,,,,2020-10-02,-23,6,-26,-37,-29,10
TT,Trinidad and Tobago,,,,,,2020-10-03,-23,8,-33,-37,-11,6
TT,Trinidad and Tobago,,,,,,2020-10-04,-30,0,-43,-57,-16,5
TT,Trinidad and Tobago,,,,,,2020-10-05,-24,0,-28,-37,-33,10
TT,Trinidad and Tobago,,,,,,2020-10-06,-27,-4,-29,-37,-34,11
TT,Trinidad and Tobago,,,,,,2020-10-07,-26,-3,-26,-37,-32,11
TT,Trinidad and Tobago,,,,,,2020-10-08,-26,-7,-25,-42,-33,12
TT,Trinidad and Tobago,,,,,,2020-10-09,-25,-1,-20,-41,-28,12
